nit/cc distribuidor;nombre distribuidor;calidad del servicio;variable tecnica;eficiencia operativa;participacion y compromiso;resultado prestador
75419f74b4;b793f7377c;100,00 %;53,45 %;36,63 %;100,00 %;61,23 %
7212072366;5ba5b0d005;100,00 %;0,00 %;38,78 %;0,00 %;41,22 %
24c10897e8;2ef74f1835;100,00 %;27,93 %;39,39 %;0,00 %;48,84 %
e5e8e37df5;c6e1063a9a;100,00 %;27,93 %;39,79 %;0,00 %;49,00 %
b8d48c07b3;a61055e61c;100,00 %;27,93 %;37,21 %;0,00 %;47,93 %
486f3f999f;b8429bbd96;100,00 %;27,93 %;39,62 %;0,00 %;48,93 %
3202cc6b00;ffdcfa8d1b;100,00 %;27,93 %;38,97 %;0,00 %;48,66 %
cc664843ff;b4136e36c3;100,00 %;27,93 %;41,41 %;30,00 %;51,73 %
ca2502bd12;fec5f9cfbb;100,00 %;27,93 %;40,88 %;0,00 %;49,46 %
ff18ff0b36;fafbee618b;100,00 %;27,93 %;39,76 %;0,00 %;48,99 %
d77fde5c4d;b7fa80a4d8;100,00 %;0,00 %;37,00 %;0,00 %;40,47 %
0235844b27;6e483202d2;100,00 %;72,83 %;42,03 %;30,00 %;63,82 %
9b258e9c44;6171bdf847;100,00 %;65,88 %;42,45 %;60,00 %;64,21 %
ac6e6ef7a2;3b55a5c478;100,00 %;18,62 %;43,26 %;0,00 %;48,00 %
b45e9210b8;744e23582f;100,00 %;27,93 %;41,29 %;0,00 %;49,63 %
955192fe4b;b1982f1e4a;100,00 %;27,93 %;42,41 %;100,00 %;56,92 %
ed8d031f95;39f2a0b57c;100,00 %;27,93 %;40,61 %;0,00 %;49,35 %
a20bea9ead;75878746b2;100,00 %;27,93 %;40,30 %;0,00 %;49,22 %
1c946ceaec;5e1edb638c;100,00 %;27,93 %;40,35 %;0,00 %;49,24 %
f61589a2ef;7eb8231cf0;100,00 %;70,02 %;38,23 %;30,00 %;61,49 %
2c780909f8;aada261380;100,00 %;27,93 %;40,52 %;;49,31 %
406dfcc399;d2fb273f13;100,00 %;37,24 %;37,47 %;0,00 %;50,49 %
2124b7c79e;c7b8d5ec18;100,00 %;27,93 %;39,62 %;0,00 %;48,93 %
c1bd0eca49;c15885c85b;100,00 %;69,49 %;37,91 %;0,00 %;59,17 %
73308e7cc1;f886052591;100,00 %;27,93 %;41,58 %;30,00 %;51,80 %
45599c5247;7c6dacd9bd;100,00 %;27,93 %;39,34 %;0,00 %;48,82 %
5561483509;4ed57fc118;100,00 %;80,85 %;38,98 %;0,00 %;62,61 %
5d9377ed6c;863b6bde52;100,00 %;18,62 %;40,28 %;30,00 %;48,80 %
5708c25a86;0e37234fe7;100,00 %;27,93 %;41,23 %;0,00 %;49,61 %
05f039dce3;57fc8a630b;100,00 %;27,93 %;40,75 %;0,00 %;49,41 %
38b1317617;d1487d0af8;100,00 %;27,93 %;40,99 %;0,00 %;49,51 %
b4cad7ab84;4deba7b21a;100,00 %;27,93 %;37,56 %;60,00 %;52,16 %
9899c9ce29;c5daaf015c;100,00 %;58,40 %;44,37 %;0,00 %;58,95 %
1978a1df5f;ec64af105b;100,00 %;27,93 %;38,08 %;0,00 %;48,29 %
1c7e338bcc;3aead6bd85;100,00 %;27,93 %;37,18 %;0,00 %;47,91 %
2f99fe75ab;2267aa2b79;100,00 %;27,93 %;41,00 %;0,00 %;49,51 %
081d7265c5;8a031183b3;100,00 %;18,62 %;40,56 %;0,00 %;46,87 %
a778d31f31;35f524b19f;100,00 %;27,93 %;42,31 %;0,00 %;50,06 %
80e78e53c5;97a25e00dd;100,00 %;68,02 %;41,04 %;0,00 %;60,09 %
1eac167177;450bc804a1;100,00 %;79,38 %;38,10 %;0,00 %;61,86 %
9014ff0509;652e9465c1;100,00 %;27,93 %;39,86 %;30,00 %;51,08 %
259048fbe5;d611ba73be;100,00 %;66,19 %;40,63 %;0,00 %;59,44 %
74f11f4deb;64a4660644;100,00 %;43,43 %;41,62 %;60,00 %;57,95 %
1f4c112eb9;63e1ca4835;100,00 %;70,07 %;41,69 %;100,00 %;67,73 %
27a46297e3;8a74c958f4;100,00 %;27,93 %;38,95 %;60,00 %;52,74 %
42b50d389c;9c2e0fe552;100,00 %;9,31 %;44,10 %;0,00 %;45,90 %
c7e71b9eaf;ad3a0fcc7f;100,00 %;27,93 %;44,19 %;0,00 %;50,84 %
15a335f2b6;eac02f0337;100,00 %;27,93 %;40,61 %;0,00 %;49,34 %
06b0129860;9f2d767951;100,00 %;51,98 %;38,69 %;0,00 %;54,88 %
86384096af;d3a4771967;100,00 %;27,93 %;40,25 %;60,00 %;53,29 %
15ca5afd6d;378127a03b;100,00 %;35,41 %;41,23 %;30,00 %;53,62 %
99018684aa;43c0022b74;100,00 %;18,62 %;42,31 %;60,00 %;51,69 %
991e219027;d0a046ac83;100,00 %;28,46 %;41,35 %;;49,79 %
e2677ad97e;25e141c293;96,55 %;27,93 %;41,61 %;80,00 %;54,36 %
4a1cd4879a;e7b7d15e74;100,00 %;70,47 %;41,78 %;80,00 %;66,50 %
1362829763;a2a1c8acdc;100,00 %;78,17 %;43,79 %;30,00 %;65,97 %
42bb270452;40147a3e84;100,00 %;27,93 %;38,23 %;0,00 %;48,35 %
14f615b61c;bb645101f6;100,00 %;27,93 %;42,64 %;;50,20 %
5ec3a6b719;984fb867bb;100,00 %;37,24 %;35,26 %;0,00 %;49,56 %
825a959d85;899e8294f0;100,00 %;27,93 %;42,29 %;0,00 %;50,05 %
3aba97976a;d0509258c6;100,00 %;27,93 %;37,19 %;0,00 %;47,91 %
0968f5eff5;5443076ced;100,00 %;27,93 %;38,70 %;60,00 %;52,64 %
59c3ed192c;dd2e2625a9;100,00 %;62,27 %;41,82 %;0,00 %;58,90 %
cf807468b9;23667a1519;100,00 %;27,93 %;37,46 %;0,00 %;48,03 %
bf8186d2f2;d32c1f2c21;100,00 %;27,93 %;38,34 %;30,00 %;50,44 %
ce384ad1e3;ca56b228e3;100,00 %;71,49 %;36,76 %;0,00 %;59,22 %
95f3ce1847;cac2080a5d;100,00 %;27,93 %;35,58 %;30,00 %;49,29 %
0aac59bf4b;cfcea6274c;100,00 %;27,93 %;36,72 %;90,00 %;53,86 %
38db24a285;7a2a03e4ff;100,00 %;27,93 %;41,88 %;0,00 %;49,88 %
fe00350386;f1ca883452;100,00 %;9,31 %;36,92 %;0,00 %;42,89 %
65f769ffe2;c847154545;100,00 %;27,93 %;38,39 %;30,00 %;50,46 %
e15f23dc60;1b922f99b7;100,00 %;77,64 %;35,83 %;60,00 %;64,54 %
dd859c5f15;5ebb55c498;100,00 %;56,35 %;43,59 %;60,00 %;62,17 %
f15d250508;447e810f9d;97,27 %;27,93 %;39,58 %;0,00 %;48,23 %
4d59f51a40;751873a69a;100,00 %;27,93 %;36,77 %;30,00 %;49,78 %
af70f54a39;34d027a20b;100,00 %;27,93 %;41,59 %;0,00 %;49,75 %
99b7e60c2c;a930fb7480;100,00 %;64,28 %;41,12 %;0,00 %;59,14 %
9fb3feed7b;2acffe4ce0;100,00 %;78,17 %;38,78 %;60,00 %;65,92 %
4ffc4b85b2;04141374cc;100,00 %;27,93 %;39,58 %;0,00 %;48,91 %
5dc40deb5c;fdd21395bf;100,00 %;27,93 %;37,38 %;100,00 %;54,81 %
2d22e0bbea;0e8d925062;100,00 %;79,78 %;42,31 %;0,00 %;63,73 %
a4a0cc1d6e;5b53c3b22f;100,00 %;27,93 %;39,71 %;80,00 %;54,43 %
dca998312d;c00400b211;100,00 %;72,07 %;41,87 %;;61,51 %
9896dac527;1d2b66a8b2;100,00 %;27,93 %;36,31 %;30,00 %;49,59 %
7e1a13280e;d08aaaba2d;100,00 %;27,93 %;41,14 %;30,00 %;51,61 %
87769f9196;fc5ddf4acf;100,00 %;27,93 %;41,39 %;0,00 %;49,67 %
489727e58e;05311a63bc;100,00 %;27,93 %;39,58 %;30,00 %;50,96 %
b96ffbee9a;85e77594a4;100,00 %;76,04 %;42,01 %;60,00 %;66,70 %
707037b641;a397cabcf8;100,00 %;0,00 %;40,30 %;;41,85 %
a06c99274a;7a626be138;100,00 %;27,93 %;38,55 %;;48,48 %
21d3a88dd6;9198e331f5;100,00 %;9,31 %;39,70 %;0,00 %;44,06 %
1888e99a4f;94d027de3a;100,00 %;18,62 %;42,92 %;0,00 %;47,86 %
597c8ffffa;edefaa69b7;100,00 %;27,93 %;36,80 %;0,00 %;47,75 %
3c0e4f190b;a4b31c2786;100,00 %;27,93 %;38,30 %;0,00 %;48,38 %
f919ed13d0;c0ef2c6cac;100,00 %;27,93 %;36,59 %;100,00 %;54,49 %
ddad1039d5;74a4d6c4e8;97,27 %;27,93 %;40,49 %;100,00 %;55,43 %
cef8dd4413;83e03e0eab;100,00 %;27,93 %;40,39 %;0,00 %;49,25 %
aeba1ff35c;6b331bc3ad;100,00 %;0,00 %;41,07 %;0,00 %;42,17 %
075bf00e8d;8d2c570dba;100,00 %;27,93 %;39,18 %;30,00 %;50,79 %
1504ecf803;65f3ca03c5;100,00 %;27,93 %;38,49 %;0,00 %;48,46 %
fe9356f1fc;a1ebaed69c;97,27 %;52,25 %;38,34 %;60,00 %;58,22 %
6688fac148;0d407c3aa5;100,00 %;46,55 %;42,39 %;30,00 %;57,05 %
c974446a6e;c2c6d85bb5;100,00 %;27,93 %;35,82 %;0,00 %;47,34 %
62c1905f18;1aeca5985f;100,00 %;27,93 %;42,21 %;0,00 %;50,01 %
7a51652f2e;6fb74774c3;100,00 %;27,93 %;35,23 %;60,00 %;51,19 %
6a51942615;1f2603d766;100,00 %;78,44 %;35,67 %;0,00 %;60,59 %
412c511837;d12f1285ce;100,00 %;27,93 %;39,18 %;60,00 %;52,84 %
af49ac2000;f9e955e636;100,00 %;18,62 %;37,72 %;0,00 %;45,68 %
338d979269;5c91929c1b;100,00 %;9,31 %;38,83 %;60,00 %;47,78 %
c708b9256d;86f7ffc56c;100,00 %;27,93 %;39,67 %;0,00 %;48,95 %
19ee2b03c9;34d1c42926;100,00 %;27,93 %;37,52 %;0,00 %;48,05 %
dbcd05a4ca;1b119ea9c3;100,00 %;18,62 %;41,39 %;0,00 %;47,22 %
0e8f95a524;a4a079fad9;100,00 %;79,62 %;37,81 %;80,00 %;67,26 %
5ea38989ff;cdc26119ae;100,00 %;61,60 %;40,89 %;60,00 %;62,43 %
d0a537e003;ef74041b82;100,00 %;27,93 %;40,47 %;80,00 %;54,74 %
16d09f4692;58a61c75c8;100,00 %;81,38 %;40,66 %;30,00 %;65,50 %
7b4304e26a;76518fde43;100,00 %;0,00 %;39,58 %;0,00 %;41,55 %
8fe5763aa5;98d97f05c2;75,82 %;27,93 %;39,58 %;100,00 %;49,69 %
6b7c3d157d;fac12e2df3;100,00 %;68,55 %;41,67 %;0,00 %;60,50 %
77835400c5;163e82f309;100,00 %;27,93 %;39,87 %;0,00 %;49,03 %
4c1827765a;505383f60c;100,00 %;18,62 %;39,90 %;0,00 %;46,59 %
f800bd39b5;5a1d9723f5;100,00 %;27,93 %;37,20 %;60,00 %;52,01 %
7c5ae972d3;026bb0bd05;100,00 %;27,93 %;41,42 %;0,00 %;49,68 %
bdd63ab9ed;2b67e23867;100,00 %;80,31 %;39,55 %;100,00 %;69,53 %
13978c6ac9;04cffe4fa8;100,00 %;76,30 %;42,00 %;60,00 %;66,77 %
b719394515;460c3ad12a;100,00 %;27,93 %;40,46 %;0,00 %;49,28 %
3407279aff;26d25d40d5;100,00 %;27,93 %;41,56 %;0,00 %;49,74 %
aab4a400ad;bb39a31f49;100,00 %;18,62 %;39,33 %;30,00 %;48,40 %
38a687d09a;bce177e808;100,00 %;27,93 %;38,06 %;60,00 %;52,37 %
b5d9edf59c;8b83bafe7c;100,00 %;27,93 %;37,86 %;60,00 %;52,29 %
e1132f70b9;8c9b734e26;100,00 %;27,93 %;40,89 %;60,00 %;53,55 %
1e87325ea6;0f749035c8;100,00 %;27,93 %;44,68 %;30,00 %;53,09 %
a06665d31f;ae3db8e89d;100,00 %;18,62 %;39,94 %;80,00 %;52,07 %
96f9f16815;5231b3f9a2;100,00 %;67,56 %;42,24 %;0,00 %;60,47 %
d867632db6;25d205e51b;100,00 %;71,67 %;41,89 %;100,00 %;68,23 %
92da6d51f2;5fc0fbf9eb;100,00 %;18,62 %;37,14 %;0,00 %;45,44 %
84002c9cdd;5da895317c;100,00 %;18,62 %;38,74 %;30,00 %;48,16 %
eaa0af8377;686f4a19cf;100,00 %;18,62 %;39,75 %;30,00 %;48,58 %
4d6af09bf0;f87a213357;100,00 %;27,93 %;40,14 %;30,00 %;51,19 %
e87224f645;3675c69002;100,00 %;73,01 %;36,58 %;30,00 %;61,59 %
8499645492;3e5836c383;100,00 %;42,45 %;44,69 %;0,00 %;54,88 %
d7037b9626;378b093d4d;100,00 %;79,60 %;42,22 %;0,00 %;63,64 %
354e286500;bb03dc4f8a;100,00 %;18,62 %;43,20 %;0,00 %;47,97 %
3ebefd1c53;8abd433022;100,00 %;27,93 %;42,73 %;0,00 %;50,23 %
353ac32d43;f1d794d481;100,00 %;25,35 %;36,31 %;0,00 %;46,87 %
2870898342;e062d6bf51;100,00 %;27,93 %;40,80 %;30,00 %;51,47 %
33ccf81f21;618009749e;100,00 %;27,93 %;40,26 %;0,00 %;49,20 %
98c41f56e0;c1cdba3ccb;100,00 %;27,93 %;44,58 %;0,00 %;51,01 %
e2a3c02b3f;0eb487009f;100,00 %;27,93 %;41,01 %;90,00 %;55,65 %
e803c423b6;f7ffac6801;100,00 %;27,93 %;40,50 %;0,00 %;49,30 %
3f0306b131;17249f393d;100,00 %;27,93 %;37,27 %;0,00 %;47,95 %
5546baf161;da14003172;100,00 %;71,00 %;40,74 %;;60,75 %
c38b42e7d1;7aa9083e5f;100,00 %;0,00 %;39,85 %;0,00 %;41,66 %
12bbbbf4e1;283375cb45;100,00 %;27,93 %;39,85 %;0,00 %;49,03 %
95609fbe87;747017adb8;93,82 %;27,93 %;40,53 %;30,00 %;49,81 %
f9f99c93b8;ca77ac02e3;100,00 %;70,69 %;41,55 %;30,00 %;63,06 %
af45d2f7a7;212f9b3324;100,00 %;18,62 %;40,27 %;80,00 %;52,20 %
5699ea87b0;414b8a30cf;100,00 %;29,00 %;42,74 %;80,00 %;55,97 %
6ddbf3e311;6c07e67e71;100,00 %;77,77 %;37,99 %;60,00 %;65,48 %
78c084a3aa;9cfca2ef73;100,00 %;58,17 %;40,48 %;0,00 %;57,26 %
13a4c0a38c;fbe6f20b78;100,00 %;37,24 %;39,94 %;0,00 %;51,52 %
612306a8fe;2361db3f78;100,00 %;18,62 %;39,58 %;30,00 %;48,50 %
a8f4ff460a;4c34284b98;100,00 %;27,93 %;39,38 %;0,00 %;48,83 %
886a59f0df;f5ef44493b;100,00 %;27,93 %;40,53 %;100,00 %;56,13 %
86cec4d7eb;a6f79f5bb3;100,00 %;79,72 %;41,67 %;0,00 %;63,44 %
0175cb1bc5;689f049e87;100,00 %;68,45 %;39,86 %;0,00 %;59,71 %
d21ce68ee2;5d5ccc4989;100,00 %;41,83 %;45,01 %;0,00 %;54,85 %
3e7334bf7d;8193676819;100,00 %;27,93 %;40,74 %;0,00 %;49,40 %
a51a93bcb4;a500bddc6a;100,00 %;0,00 %;45,01 %;0,00 %;43,82 %
97d0149472;49b64a018e;100,00 %;77,24 %;37,84 %;60,00 %;65,28 %
5fd16b3913;4abab433de;100,00 %;78,71 %;40,67 %;0,00 %;62,76 %
1b27de83e4;e5d62d356d;97,27 %;52,12 %;37,07 %;30,00 %;55,60 %
e05d313bc4;66af13fdf0;100,00 %;78,71 %;39,69 %;80,00 %;67,80 %
b45f4fd19f;4e6f3145e0;100,00 %;46,55 %;39,99 %;60,00 %;58,09 %
9d1163fe6f;96c9a2bbb1;89,09 %;62,95 %;42,11 %;100,00 %;63,30 %
3e72dc83e2;aab7ac3175;100,00 %;69,40 %;39,95 %;30,00 %;62,04 %
14a3fa2182;29ff7f32f0;100,00 %;79,24 %;42,39 %;30,00 %;65,66 %
baf359a285;a6c2425c26;100,00 %;9,31 %;44,10 %;0,00 %;45,90 %
c27e53f99e;555f589914;100,00 %;80,31 %;35,69 %;60,00 %;65,19 %
0320600761;5f6feb0c82;100,00 %;27,93 %;38,17 %;30,00 %;50,37 %
8dd12f254a;2a4ef12d3f;100,00 %;27,93 %;40,35 %;60,00 %;53,33 %
eb656747b7;fab59ccfd8;100,00 %;37,24 %;38,22 %;60,00 %;54,89 %
64e57b148a;16907524e7;100,00 %;27,93 %;41,29 %;30,00 %;51,68 %
32279ad855;f91765e285;100,00 %;27,93 %;36,77 %;0,00 %;47,74 %
2b313f58ef;3d5a0d319b;100,00 %;18,62 %;42,05 %;0,00 %;47,49 %
9253461e80;be8b929ba7;96,55 %;27,93 %;39,71 %;90,00 %;54,24 %
b8e0b985e6;b94dda9dca;100,00 %;18,62 %;38,36 %;30,00 %;48,00 %
4ba0c52bf5;b3cc7698e7;100,00 %;18,62 %;41,78 %;0,00 %;47,38 %
ff2f2dd35b;9cf289902d;100,00 %;65,34 %;40,93 %;80,00 %;64,80 %
977e7bae35;428f3279f5;100,00 %;27,93 %;38,80 %;30,00 %;50,63 %
5db0f0ff4f;d4177e814b;89,09 %;77,40 %;40,84 %;80,00 %;65,21 %
432014e397;1eac688b8e;100,00 %;81,38 %;40,48 %;100,00 %;70,20 %
0ce5c21d95;f1adee6782;100,00 %;74,16 %;41,13 %;60,00 %;65,84 %
bb8bfce1de;4bea6b2676;100,00 %;54,66 %;39,93 %;30,00 %;58,15 %
fc7de48259;7ff21cb422;100,00 %;69,80 %;41,70 %;100,00 %;67,66 %
ae3e8efe9d;fb1e8d662e;97,27 %;81,08 %;39,26 %;80,00 %;67,57 %
14c2728951;9998408b58;100,00 %;0,00 %;41,39 %;0,00 %;42,31 %
9c1602fb47;8fe0bdd992;86,37 %;75,14 %;43,16 %;100,00 %;66,27 %
6c2f77c420;2b65552111;100,00 %;77,64 %;39,38 %;60,00 %;66,03 %
9a34d81dd0;ee4a90aa18;100,00 %;18,62 %;38,49 %;30,00 %;48,05 %
5af380aa64;6dda8f55bd;100,00 %;18,62 %;38,37 %;0,00 %;45,95 %
32a2de19ed;8b5316024b;100,00 %;80,31 %;37,93 %;80,00 %;67,49 %
415ac62ede;e4b0cdd41a;100,00 %;71,00 %;39,67 %;0,00 %;60,31 %
cfbc3b1ef6;e4bcbd09be;100,00 %;27,93 %;39,51 %;30,00 %;50,93 %
6f100ce439;36426791f8;80,91 %;73,21 %;40,48 %;60,00 %;60,55 %
6f100ce439;25fe8b2acf;80,91 %;73,21 %;40,48 %;60,00 %;60,55 %
6f100ce439;5f3efe1738;80,91 %;73,21 %;40,48 %;60,00 %;60,55 %
6f100ce439;fa6c4c92b0;80,91 %;73,21 %;40,48 %;60,00 %;60,55 %
6f100ce439;c855498bb9;80,91 %;73,21 %;40,48 %;60,00 %;60,55 %
6f100ce439;1f347cedd9;80,91 %;73,21 %;40,48 %;60,00 %;60,55 %
6f100ce439;f3d349bd98;80,91 %;73,21 %;40,48 %;60,00 %;60,55 %
5708b4378b;84c288c63e;100,00 %;78,35 %;39,12 %;80,00 %;67,47 %
4d7fdcc674;9e1d76eef2;100,00 %;27,93 %;40,10 %;0,00 %;49,13 %
e7b3bdc6ab;503f532dee;100,00 %;27,93 %;38,87 %;0,00 %;48,62 %
80c86b193c;42f33333bc;100,00 %;27,93 %;45,01 %;60,00 %;55,28 %
32bb4ddfbf;236f7e6924;100,00 %;64,54 %;40,27 %;;58,85 %
5b27fb4cf8;af7b6f3e90;100,00 %;81,06 %;41,10 %;100,00 %;70,38 %
18689cb35d;c5ff787ad3;100,00 %;79,24 %;42,62 %;0,00 %;63,71 %
1ab2d1fcf2;5bbec061a3;100,00 %;27,93 %;45,01 %;30,00 %;53,23 %
06614fa40a;3331adcfc4;100,00 %;18,62 %;41,37 %;30,00 %;49,25 %
ee9b0d3f6d;e55383231d;94,55 %;27,93 %;40,38 %;100,00 %;54,70 %
cd454a6def;fca1e268c5;100,00 %;0,00 %;36,95 %;0,00 %;40,45 %
b64a235ebf;93af18f809;100,00 %;27,93 %;42,92 %;0,00 %;50,31 %
b22e92c4f7;ba58c31b10;97,27 %;80,85 %;40,10 %;60,00 %;66,49 %
4caf87e83f;5b45700af8;100,00 %;80,31 %;42,10 %;0,00 %;63,77 %
21c1cc643c;6409765a91;100,00 %;27,93 %;41,31 %;100,00 %;56,46 %
941e51954f;a5d907180f;100,00 %;74,61 %;37,66 %;100,00 %;67,24 %
59926507e2;5ec69678de;100,00 %;27,93 %;41,98 %;0,00 %;49,92 %
043e6526ef;01fc44a5b6;94,55 %;80,70 %;39,19 %;;61,30 %
f283929715;019e91235c;100,00 %;9,31 %;43,75 %;0,00 %;45,75 %
ec7ea10f9e;9e8f3bb350;97,27 %;79,14 %;39,06 %;30,00 %;63,56 %
84422302a7;2cda3e810a;100,00 %;55,32 %;37,46 %;30,00 %;57,29 %
91f0a13833;fcf38c438c;94,55 %;27,93 %;38,83 %;0,00 %;47,24 %
2d3777145e;d3250f4b7c;100,00 %;37,24 %;41,07 %;0,00 %;51,99 %
a185fc258a;ffbb7e118b;100,00 %;18,62 %;40,53 %;0,00 %;46,86 %
21175716cf;97759884d0;100,00 %;27,93 %;41,75 %;30,00 %;51,87 %
0ef2583c98;8a7ce5e20b;91,09 %;78,46 %;39,95 %;90,00 %;66,30 %
f2114a733b;4aa75c6c96;100,00 %;27,93 %;38,00 %;80,00 %;53,71 %
c33624a47b;ab3a5ede3c;91,09 %;73,96 %;39,50 %;100,00 %;65,61 %
2db3d24f92;9b79265f60;100,00 %;80,40 %;39,86 %;90,00 %;69,00 %
de0b7155f9;8d446f596d;80,91 %;78,13 %;41,15 %;100,00 %;64,85 %
b0d1a37356;d5daf59d9b;93,82 %;78,17 %;40,51 %;60,00 %;65,10 %
e1d5ee013c;bd14eab8c7;100,00 %;63,97 %;40,58 %;100,00 %;65,65 %
13443943e6;95eb15d8a8;100,00 %;18,62 %;44,23 %;60,00 %;52,50 %
957493f6dd;625ac66154;100,00 %;9,31 %;42,53 %;30,00 %;47,28 %
6e281bd333;e86c73552d;97,27 %;80,85 %;39,36 %;60,00 %;66,18 %
81dd50f381;433b5e7159;97,27 %;71,55 %;39,99 %;60,00 %;63,99 %
6584089c4b;885508ad79;96,55 %;80,31 %;41,78 %;60,00 %;66,87 %
07ec2c029d;0cc025b657;100,00 %;27,93 %;40,52 %;0,00 %;49,31 %
6b846e0627;6df9f427c2;100,00 %;77,10 %;42,55 %;60,00 %;67,21 %
abb298f749;1807875f27;100,00 %;27,93 %;42,09 %;60,00 %;54,06 %
1b1dcdc550;36ec7cd3fa;100,00 %;27,93 %;40,22 %;0,00 %;49,18 %
48da1c0032;bc9c1a86db;100,00 %;18,62 %;38,27 %;60,00 %;50,01 %
281fb29eb8;28b3c6d317;100,00 %;9,31 %;38,22 %;0,00 %;43,44 %
99912ed369;097bcd4617;100,00 %;0,00 %;39,58 %;0,00 %;41,55 %
48a413e352;d42d6f2b50;100,00 %;0,00 %;35,08 %;0,00 %;39,67 %
1f2edd35e3;968cd474a2;100,00 %;0,00 %;37,04 %;30,00 %;42,54 %
1f286e37de;096b49926c;97,27 %;27,93 %;37,76 %;0,00 %;47,47 %
9b12d74231;a36357d670;100,00 %;0,00 %;45,01 %;0,00 %;43,82 %
ff48f44b31;9365b8d7bb;100,00 %;27,93 %;40,07 %;0,00 %;49,12 %
6e1e51e3db;27b26706c5;100,00 %;27,93 %;40,19 %;90,00 %;55,31 %
fee08139fa;9596286d9a;100,00 %;27,93 %;38,80 %;0,00 %;48,59 %
6bc4458c4f;95437c8098;100,00 %;27,93 %;40,38 %;30,00 %;51,30 %
a785908feb;f84ec5dd98;100,00 %;27,93 %;34,40 %;0,00 %;46,75 %
8a052970df;f473d9e7cf;100,00 %;27,93 %;40,00 %;30,00 %;51,14 %
7c4e796771;9fab5f0c14;100,00 %;29,00 %;35,13 %;60,00 %;51,43 %
f611f2a7b8;6c861ed629;100,00 %;27,93 %;40,21 %;0,00 %;49,18 %
11896af9b6;8325d4461e;97,27 %;27,93 %;40,03 %;0,00 %;48,42 %
c02c112938;517d008c5b;100,00 %;0,00 %;34,63 %;60,00 %;43,58 %
06628733c1;03bfa1641a;100,00 %;18,62 %;41,39 %;60,00 %;51,31 %
4b1f461187;1b31d4bd12;97,27 %;60,95 %;41,99 %;100,00 %;64,77 %
2358a5d5a8;80edd9d6ff;100,00 %;37,24 %;42,59 %;30,00 %;54,68 %
824287a132;065b1a4d7a;100,00 %;18,62 %;36,86 %;0,00 %;45,32 %
7902e5ca46;35d44b8d55;100,00 %;27,93 %;39,89 %;0,00 %;49,05 %
ee995c5555;961de3a8dc;100,00 %;18,62 %;37,21 %;30,00 %;47,51 %
75bb7cf412;eff5b6b471;100,00 %;18,62 %;36,31 %;0,00 %;45,09 %
4cd75b37f5;d6c23589fe;100,00 %;27,93 %;40,48 %;0,00 %;49,29 %
4dc18c6a1f;9a3c34ee77;100,00 %;27,93 %;36,86 %;30,00 %;49,82 %
33bb434b4e;23581663c2;100,00 %;27,93 %;43,92 %;0,00 %;50,73 %
4d70780f46;3e27cc710e;100,00 %;18,62 %;37,34 %;0,00 %;45,52 %
25bdae55a6;73ee0f83c0;100,00 %;27,93 %;39,58 %;0,00 %;48,91 %
d60f187be6;e91e993947;100,00 %;27,93 %;39,09 %;60,00 %;52,80 %
68ea3a6c05;98a19cb885;100,00 %;18,62 %;41,98 %;0,00 %;47,47 %
2556d8e74f;3e9f4ea9d9;100,00 %;37,24 %;41,39 %;0,00 %;52,12 %
9a422317d9;4de9d286b9;100,00 %;18,62 %;41,39 %;30,00 %;49,26 %
d12b4e320f;d48db8b127;100,00 %;27,93 %;37,10 %;0,00 %;47,88 %
50f6d9c602;b75d6298d9;100,00 %;18,62 %;42,29 %;0,00 %;47,59 %
7a875982ec;0645b4e491;97,27 %;53,79 %;36,72 %;100,00 %;60,67 %
4b23bcb596;651b42d993;100,00 %;27,93 %;35,33 %;0,00 %;47,14 %
e4d3c2e947;5ef50af7a2;100,00 %;18,62 %;40,07 %;80,00 %;52,12 %
a290ee119f;1bc7fa4b19;100,00 %;81,38 %;40,71 %;90,00 %;69,61 %
6f87ecc5a8;7da49ada77;100,00 %;36,48 %;40,67 %;60,00 %;55,72 %
474d531160;b5f53e93b5;80,91 %;79,62 %;41,80 %;100,00 %;65,52 %
8c8811f042;cc98abc08f;100,00 %;74,08 %;40,63 %;30,00 %;63,56 %
033ff34838;b7fdb32e45;100,00 %;0,00 %;35,61 %;60,00 %;43,98 %
68dfa1db7e;d3eb72643a;96,55 %;80,85 %;40,39 %;60,00 %;66,43 %
abf3115996;615de2545f;100,00 %;37,24 %;40,12 %;0,00 %;51,59 %
da0d44a8cd;b1a6e1c995;100,00 %;27,93 %;35,95 %;0,00 %;47,40 %
f5809ec897;8148ed18f6;100,00 %;37,24 %;41,13 %;30,00 %;54,06 %
9413a46493;853aafcfa9;100,00 %;73,90 %;41,49 %;100,00 %;68,65 %
48329fb105;cde2389b06;100,00 %;18,62 %;38,54 %;0,00 %;46,02 %
fce1f11bd0;e80161bf53;100,00 %;78,17 %;42,06 %;100,00 %;70,02 %
c0b7c8ff5d;1afcb48651;97,27 %;81,38 %;40,09 %;60,00 %;66,63 %
2255ef7775;430da049be;100,00 %;18,62 %;34,67 %;0,00 %;44,41 %
972889b47e;f0bbef265d;96,55 %;81,38 %;43,34 %;0,00 %;63,71 %
3d80b7b422;501ebbebf9;100,00 %;27,93 %;40,41 %;0,00 %;49,26 %
030dd79745;5e46bbdde1;100,00 %;18,62 %;38,82 %;0,00 %;46,14 %
2b03843cf1;d060eb5b1b;100,00 %;18,62 %;42,84 %;60,00 %;51,91 %
9ffbcc939a;3236eeccfe;100,00 %;9,31 %;42,71 %;80,00 %;50,77 %
eb3b4150b6;da0429ad91;89,09 %;77,30 %;39,96 %;100,00 %;66,18 %
90d59d48e5;1e092634d2;97,27 %;72,68 %;41,00 %;100,00 %;67,44 %
2d033cceaa;f5a0dd8163;94,55 %;81,38 %;39,38 %;100,00 %;68,38 %
9e2dc0abe4;3b6cd8c077;94,55 %;80,85 %;38,08 %;100,00 %;67,69 %
03b3b06c8e;2aa2c6ba1f;100,00 %;69,87 %;40,62 %;100,00 %;67,22 %
c56ccc1c9e;8b9a1185e2;100,00 %;27,93 %;37,40 %;100,00 %;54,82 %
790b83e47d;44f1a07175;100,00 %;69,72 %;41,19 %;;60,60 %
13997900b0;0546a62acd;100,00 %;27,93 %;39,85 %;0,00 %;49,03 %
87f00b620d;0463704027;100,00 %;0,00 %;37,30 %;0,00 %;40,60 %
6aece07933;bf8c78f642;100,00 %;80,85 %;43,01 %;90,00 %;70,44 %
8935dbd0e9;3ef36a1573;100,00 %;27,93 %;43,38 %;30,00 %;52,55 %
3ce73f56ff;32a00712e0;100,00 %;27,93 %;39,56 %;80,00 %;54,36 %
7115bb7229;1ab4cd707f;100,00 %;18,62 %;40,25 %;0,00 %;46,74 %
1e449bb9f6;422ac8c11d;100,00 %;37,24 %;41,67 %;30,00 %;54,29 %
1f7cbb14d2;5d6169cd2a;100,00 %;43,97 %;40,24 %;60,00 %;57,51 %
a2e0c150dd;fa8e929688;82,36 %;80,85 %;39,91 %;100,00 %;65,41 %
3e5762e8dc;a3f3deb734;100,00 %;27,93 %;39,30 %;100,00 %;55,62 %
ea2f1ebe4c;962366330a;100,00 %;0,00 %;38,39 %;60,00 %;45,15 %
626d2721d5;1b545f4b07;100,00 %;27,93 %;45,01 %;0,00 %;51,19 %
54f8a2c8ee;f0c213d229;100,00 %;0,00 %;37,76 %;0,00 %;40,79 %
65689d0bb1;e0366ee3ab;100,00 %;0,00 %;40,62 %;0,00 %;41,99 %
6fa1722b76;09bcfc4052;100,00 %;27,93 %;39,41 %;60,00 %;52,94 %
04b9269bd3;acd8929c1d;94,55 %;80,49 %;42,03 %;0,00 %;62,43 %
703323181f;bb4d662994;100,00 %;27,93 %;40,48 %;60,00 %;53,38 %
31732903c7;566fb9759a;89,09 %;78,03 %;41,13 %;100,00 %;66,86 %
73ab9ee746;0a26f6c589;97,27 %;58,34 %;41,94 %;100,00 %;64,06 %
11f2e07740;06bfce52fe;100,00 %;18,62 %;37,58 %;0,00 %;45,63 %
70d26d56f5;0e293c199d;100,00 %;27,93 %;36,61 %;60,00 %;51,76 %
7320f44373;9ae189e319;97,27 %;18,62 %;40,11 %;80,00 %;51,46 %
f195617183;16d215249c;100,00 %;27,93 %;41,39 %;30,00 %;51,72 %
412b06c7f2;19f9284174;100,00 %;27,93 %;37,22 %;0,00 %;47,93 %
3768dfecf0;1ad25959d2;100,00 %;18,62 %;37,25 %;0,00 %;45,48 %
b587697d7d;5a249f1935;100,00 %;18,62 %;41,01 %;30,00 %;49,10 %
f23f6dd9f8;d7ddc5bd55;100,00 %;18,62 %;44,00 %;60,00 %;52,40 %
c0467c1a2a;ba79457ec5;100,00 %;27,93 %;41,24 %;90,00 %;55,75 %
c2b9cf98ba;d7f2623f53;100,00 %;27,93 %;40,30 %;80,00 %;54,67 %
10c0d2495d;4085252671;100,00 %;27,93 %;36,19 %;80,00 %;52,95 %
c2e094c4a8;118a614ce1;100,00 %;77,46 %;40,56 %;0,00 %;62,38 %
cb5a98afe7;358a6f559f;100,00 %;27,93 %;40,92 %;0,00 %;49,48 %
911bce8c1f;3394b056c5;80,91 %;60,55 %;42,54 %;60,00 %;58,07 %
5a22a340ed;37062ff593;100,00 %;78,35 %;40,79 %;60,00 %;66,80 %
81c51d2a4f;8ed6015289;100,00 %;27,93 %;40,59 %;;49,34 %
002791f4e3;8661d392c0;100,00 %;18,62 %;40,38 %;80,00 %;52,25 %
1691fe6a4d;00cfe553de;100,00 %;27,93 %;42,22 %;60,00 %;54,11 %
fd543d5bf8;e487046dcf;100,00 %;79,24 %;42,24 %;60,00 %;67,64 %
1edd4fc7b9;3951540d70;100,00 %;80,58 %;41,00 %;30,00 %;65,43 %
b3feb93880;b13b59c285;97,27 %;63,07 %;41,67 %;100,00 %;65,19 %
5e1d17596b;ecbe2a9e0f;100,00 %;18,62 %;37,37 %;30,00 %;47,58 %
c2177b7cdd;3a05a023dd;100,00 %;27,93 %;42,22 %;0,00 %;50,02 %
2d3cd2e60d;f1d51e914c;100,00 %;18,62 %;37,66 %;0,00 %;45,66 %
1945cabd1a;2e9a193a1b;100,00 %;61,16 %;38,31 %;0,00 %;57,14 %
8fb9b23cea;935ff634dc;96,18 %;27,93 %;43,34 %;30,00 %;51,58 %
7de181f880;adb5d53ae4;94,55 %;72,12 %;41,59 %;80,00 %;65,50 %
ccf60d5058;1c8b928fe4;100,00 %;27,93 %;37,51 %;0,00 %;48,05 %
d0ca030c74;1003ba7406;85,27 %;65,46 %;39,73 %;100,00 %;62,01 %
2030ae4518;41bc5a26fe;97,27 %;80,60 %;40,09 %;;62,33 %
09cde79abd;e91068e7cc;100,00 %;9,31 %;45,01 %;0,00 %;46,28 %
8619e3e394;2949830797;100,00 %;37,24 %;41,39 %;60,00 %;56,22 %
111348d4a4;2f6060f0f3;93,82 %;73,10 %;39,71 %;90,00 %;65,47 %
f8cfc78d14;408ba858bf;100,00 %;58,93 %;40,82 %;90,00 %;63,74 %
5a91cb1a97;d12df1ac9a;100,00 %;22,36 %;41,67 %;0,00 %;48,32 %
da01c36ffe;f630ff05a5;100,00 %;27,93 %;39,46 %;0,00 %;48,86 %
e952c3ee8e;f59ea2fea1;100,00 %;27,93 %;43,59 %;;50,59 %
fc0f9d770b;02a0a1fc27;100,00 %;37,24 %;39,07 %;0,00 %;51,15 %
4988487c41;5edb272094;100,00 %;27,93 %;42,17 %;90,00 %;56,14 %
9d322452cf;f10f878420;100,00 %;71,54 %;44,33 %;0,00 %;62,39 %
105e3a787b;a0d8b502ab;100,00 %;27,93 %;38,78 %;0,00 %;48,58 %
639bae352c;08d7df40b4;89,09 %;77,83 %;41,87 %;100,00 %;67,12 %
f2594a4d73;e695e85e55;97,27 %;27,93 %;38,09 %;0,00 %;47,61 %
ed1e0be20b;ccfe494ef9;77,46 %;78,20 %;37,80 %;90,00 %;61,92 %
9ffe5bec22;9e8702c7af;100,00 %;27,93 %;41,67 %;0,00 %;49,79 %
6a2d129a8c;fb1129cee3;100,00 %;71,97 %;39,05 %;60,00 %;64,40 %
ab58527cbe;377e49b584;100,00 %;18,62 %;38,28 %;0,00 %;45,92 %
9cdfbc893d;eb21f98599;100,00 %;71,05 %;41,87 %;;61,24 %
bb6febaeea;df6d7add4b;90,73 %;78,86 %;41,09 %;100,00 %;67,48 %
9cdf04d41c;812e89a85c;100,00 %;60,62 %;44,39 %;30,00 %;61,59 %
cca22aa64e;b2df918a0e;100,00 %;37,24 %;37,10 %;0,00 %;50,33 %
5bc349575e;c2b38b3279;100,00 %;79,17 %;40,48 %;100,00 %;69,62 %
f59d2b4eb8;669305ae05;80,91 %;61,74 %;40,97 %;100,00 %;60,46 %
1e37d483fe;4dc80b33c9;100,00 %;77,50 %;41,58 %;60,00 %;66,91 %
2ab3cb83fd;033750c206;100,00 %;27,93 %;38,51 %;60,00 %;52,56 %
4c6bcee2d6;731161559a;100,00 %;81,38 %;38,58 %;80,00 %;68,04 %
7011951c51;b3712c2c6e;100,00 %;65,70 %;39,47 %;0,00 %;58,83 %
2fd01f1bd6;e4ac1774bc;100,00 %;27,93 %;42,18 %;30,00 %;52,05 %
9bcda7bee9;26bf272ffd;100,00 %;18,62 %;37,59 %;80,00 %;51,09 %
e155363359;6da3e13115;100,00 %;27,93 %;36,56 %;60,00 %;51,74 %
ee5f70873f;b8b95d088e;96,55 %;77,64 %;42,15 %;80,00 %;67,68 %
cdbbec6115;bcb4d7753e;100,00 %;27,93 %;39,26 %;30,00 %;50,82 %
4182c6145e;80e238ea48;85,64 %;27,93 %;40,15 %;30,00 %;47,61 %
3be5238ff7;1b27b9b2c5;97,27 %;53,28 %;40,71 %;100,00 %;62,21 %
15c029bd1e;ea57d15c68;100,00 %;75,89 %;41,95 %;60,00 %;66,64 %
30fd07fab9;e466ff9f29;100,00 %;27,93 %;38,70 %;30,00 %;50,59 %
99991d004c;338047b0a6;100,00 %;18,62 %;41,21 %;60,00 %;51,23 %
28cb8a72ac;8618016d7e;97,27 %;80,85 %;41,10 %;60,00 %;66,91 %
3eb5cd6447;7a7a871ff1;100,00 %;9,31 %;45,01 %;;46,28 %
812ba2afc4;4ec4ac85fa;100,00 %;27,93 %;39,58 %;;48,91 %
6d45d157a4;9a40816210;100,00 %;27,93 %;39,94 %;100,00 %;55,88 %
f314ad8058;6ad4853ac4;100,00 %;60,20 %;40,65 %;60,00 %;61,96 %
2d4201989e;2c10a4c0b6;100,00 %;27,93 %;43,46 %;0,00 %;50,54 %
ce66d8a100;5d11f2216d;97,27 %;72,29 %;42,54 %;100,00 %;67,99 %
f34d481284;8cc0a448f7;100,00 %;37,24 %;38,49 %;0,00 %;50,91 %
c6c57ab754;565dd4eef6;93,46 %;72,18 %;41,69 %;100,00 %;66,64 %
2ef92db27a;8f373fa573;100,00 %;76,30 %;40,01 %;60,00 %;65,94 %
1fab8dc7af;a84981fb45;100,00 %;27,93 %;40,01 %;60,00 %;53,19 %
e1a4c01263;f45497c0fa;97,27 %;60,31 %;40,06 %;90,00 %;63,11 %
2dd3d3238f;e24d696d5e;100,00 %;27,93 %;39,26 %;0,00 %;48,78 %
7daed874a7;8d7db65b99;100,00 %;27,93 %;40,34 %;80,00 %;54,69 %
6b48da12aa;de4029daf7;100,00 %;77,52 %;42,73 %;30,00 %;65,35 %
4e30d9452e;f13ca6e345;100,00 %;27,93 %;42,59 %;60,00 %;54,27 %
c83f66e09f;4afee6afa4;100,00 %;0,00 %;45,01 %;0,00 %;43,82 %
0c85dd43e5;c4a1cb2e93;97,27 %;78,71 %;41,31 %;90,00 %;68,48 %
9ade041642;641c3251e5;100,00 %;27,93 %;37,70 %;0,00 %;48,13 %
f8adbcfa2f;9120b1fad9;100,00 %;37,24 %;37,57 %;30,00 %;52,58 %
bb2afb5f8a;4f256bf476;100,00 %;66,41 %;40,61 %;60,00 %;63,58 %
1146b6ec5a;5439a94dae;100,00 %;0,00 %;36,16 %;0,00 %;40,12 %
39fa2b6910;4146fcb20f;100,00 %;27,93 %;41,03 %;0,00 %;49,52 %
82b5ad77e8;ace3b85f6a;96,18 %;71,03 %;39,56 %;80,00 %;64,77 %
be79a9fdf9;5c4d6ac6e6;100,00 %;70,47 %;40,91 %;30,00 %;62,73 %
a277cfe867;975c937655;100,00 %;27,93 %;41,39 %;0,00 %;49,67 %
bc22bcd7f1;e1d4c14221;94,55 %;74,71 %;42,57 %;90,00 %;67,27 %
7e8f518947;d40daae236;100,00 %;18,62 %;42,19 %;30,00 %;49,60 %
bb93ef1420;f02f98d76d;94,55 %;80,49 %;41,75 %;90,00 %;68,45 %
597e24ccb5;143388e470;100,00 %;37,24 %;45,01 %;0,00 %;53,64 %
a7627e4592;2b18f3567b;100,00 %;18,62 %;43,20 %;0,00 %;47,97 %
40f84bd44c;7934ab0a77;100,00 %;9,31 %;40,49 %;0,00 %;44,39 %
c0d05692df;ec0c5b88fd;100,00 %;27,93 %;41,72 %;60,00 %;53,90 %
6e42153907;465b03dbed;100,00 %;81,38 %;39,43 %;100,00 %;69,76 %
7ad823daae;5e891f4b64;100,00 %;71,00 %;44,15 %;0,00 %;62,18 %
32629396e8;f4f2139cd5;100,00 %;27,93 %;39,94 %;0,00 %;49,06 %
fec8d6d572;e0e7925f28;100,00 %;64,01 %;40,18 %;80,00 %;64,13 %
f6109514b6;0777d638a0;97,27 %;72,92 %;39,94 %;;60,24 %
81a60ed4ea;2788e767ca;100,00 %;27,93 %;35,77 %;60,00 %;51,41 %
62ea5a586c;82d4050fc1;100,00 %;18,62 %;36,71 %;60,00 %;49,35 %
eedaeb666f;14c4065f82;100,00 %;57,41 %;40,32 %;100,00 %;63,82 %
a3e7d00bf2;4cb1e530bd;100,00 %;9,31 %;39,58 %;0,00 %;44,00 %
635772e635;8779c0f159;97,27 %;77,04 %;42,09 %;;62,23 %
4c0309dfc7;ea8b71a4b4;100,00 %;27,93 %;40,43 %;30,00 %;51,32 %
09670e1107;3947d55dd9;100,00 %;18,62 %;36,36 %;0,00 %;45,12 %
7b62733157;c422cb01ec;100,00 %;79,78 %;37,39 %;0,00 %;61,67 %
4d4c24696a;82b7a77484;100,00 %;18,62 %;36,59 %;0,00 %;45,21 %
0553bfad03;a3f5e947ee;100,00 %;27,93 %;38,92 %;30,00 %;50,69 %
47ac9051ac;7563bd0332;100,00 %;37,24 %;45,01 %;0,00 %;53,64 %
e957cfabc1;4319b2939a;97,27 %;27,93 %;40,57 %;30,00 %;50,69 %
56740171e5;62f7d39dd2;100,00 %;80,31 %;40,05 %;0,00 %;62,92 %
1f5175bb2d;cc12c37fdc;100,00 %;18,62 %;40,66 %;30,00 %;48,96 %
1c4ba42213;800ef77799;100,00 %;18,62 %;36,92 %;30,00 %;47,39 %
9845862b8d;3354850728;96,18 %;27,93 %;44,47 %;60,00 %;54,10 %
ccf632e058;c2e1406d1b;100,00 %;75,50 %;41,73 %;80,00 %;67,81 %
e7276191a5;1c0743ab6a;80,91 %;76,00 %;41,94 %;100,00 %;64,62 %
e7276191a5;d55e9f0f87;80,91 %;76,00 %;41,94 %;100,00 %;64,62 %
a390a103e0;4be9747b90;94,55 %;71,14 %;41,17 %;100,00 %;66,42 %
de65d3f6f3;822b8a4bfc;100,00 %;9,31 %;45,01 %;0,00 %;46,28 %
eb7675ade7;e73a0897f5;94,55 %;69,70 %;40,05 %;100,00 %;65,58 %
abd40b85f2;66da9538a6;100,00 %;27,93 %;39,48 %;100,00 %;55,69 %
8add6fdece;1334a16440;100,00 %;27,93 %;41,04 %;60,00 %;53,62 %
3dc067ee24;62bd6caf10;100,00 %;79,51 %;43,34 %;;64,08 %
9068265977;2323864dfc;100,00 %;27,93 %;39,69 %;0,00 %;48,96 %
ebf4e69eec;4c9fa27e90;100,00 %;69,09 %;40,69 %;30,00 %;62,27 %
5f815e48ed;9f9e4d8a09;100,00 %;81,20 %;39,54 %;90,00 %;69,08 %
d6c3ffebcf;b6f144d829;84,73 %;80,85 %;39,60 %;30,00 %;61,10 %
638bc18648;f42db3e130;100,00 %;27,93 %;39,00 %;30,00 %;50,72 %
f5050df9b2;8a4cf60a4e;97,27 %;68,25 %;40,24 %;;59,14 %
4cae76936b;09e83dd7a7;89,09 %;81,38 %;40,27 %;;60,57 %
20d2c191f4;095911ca7d;94,55 %;79,78 %;39,56 %;30,00 %;63,26 %
32d1a3731c;60eaef7e5e;100,00 %;0,00 %;36,31 %;0,00 %;40,19 %
3dfb1b906f;cf7ba7fa24;100,00 %;27,93 %;41,32 %;60,00 %;53,73 %
3ad670f0a6;5a3ed0d540;100,00 %;27,93 %;38,08 %;60,00 %;52,38 %
9b6aca2da2;af6676ce09;96,55 %;0,00 %;40,70 %;0,00 %;41,16 %
9ee1232924;1cde8e677a;89,09 %;64,81 %;40,86 %;60,00 %;60,54 %
4dc4b2f6ba;868bf92fd9;100,00 %;42,90 %;40,19 %;0,00 %;53,12 %
9614c0d27c;fd47f27bdd;100,00 %;9,31 %;38,54 %;0,00 %;43,57 %
98167a8414;9fbb3eb6f8;100,00 %;27,93 %;39,58 %;0,00 %;48,91 %
5dafe56604;930bc3317c;96,18 %;71,98 %;40,56 %;100,00 %;66,80 %
a62e125e18;fc81117d1d;100,00 %;18,62 %;42,14 %;0,00 %;47,53 %
f884c1eb24;54de66f1cf;96,55 %;18,62 %;42,08 %;;46,64 %
2dd33539ad;a405ab4085;94,55 %;74,36 %;41,00 %;100,00 %;67,21 %
11f859259a;7d38998939;100,00 %;74,58 %;39,58 %;60,00 %;65,30 %
d0669d8354;c25d087c81;97,27 %;27,93 %;38,98 %;0,00 %;47,98 %
eaea9ca8c2;89211c3494;100,00 %;27,93 %;39,58 %;0,00 %;48,91 %
533d84543c;93c10beedc;97,27 %;80,82 %;41,29 %;90,00 %;69,03 %
b0badad449;5d87b0c16b;100,00 %;80,31 %;40,13 %;100,00 %;69,77 %
b7bd310af1;5551011cfb;100,00 %;79,49 %;42,42 %;100,00 %;70,52 %
f873ebe449;fb4cc6994a;100,00 %;80,31 %;40,47 %;30,00 %;65,14 %
2108aab5ce;31c071d5b9;100,00 %;79,95 %;42,26 %;;63,75 %
c648e9c881;f41bf53aa0;100,00 %;0,00 %;35,50 %;60,00 %;43,94 %
d65a66b589;eaccd1b5fa;100,00 %;27,93 %;45,01 %;0,00 %;51,19 %
3fddbd584a;3337daaf6f;97,27 %;70,20 %;41,69 %;60,00 %;64,35 %
71813ed62b;06cca91574;100,00 %;46,55 %;41,50 %;0,00 %;54,63 %
3e16400d56;fe26a22cd7;100,00 %;18,62 %;38,67 %;60,00 %;50,17 %
44f83ec371;3b59b9e64e;91,09 %;64,80 %;40,19 %;60,00 %;60,75 %
59d8d61591;bda0db11d5;100,00 %;27,93 %;39,35 %;60,00 %;52,91 %
fd4c6e8fd9;882f014c15;100,00 %;18,62 %;41,45 %;90,00 %;53,38 %
ffbdf3d16c;6dd6dbf90b;100,00 %;74,43 %;40,03 %;80,00 %;66,81 %
85cd666c24;6dce203359;93,82 %;27,93 %;38,35 %;80,00 %;52,31 %
ebef1a32fb;e454952170;97,27 %;76,87 %;42,69 %;60,00 %;66,53 %
c884fb189a;ff913f84ab;100,00 %;27,93 %;39,72 %;;48,97 %
484e58e4ef;36e8b3e9ce;100,00 %;18,62 %;40,79 %;60,00 %;51,06 %
cb14f02271;f10ea83bae;100,00 %;18,62 %;42,44 %;80,00 %;53,11 %
6267dab9fd;4f25374294;100,00 %;27,93 %;40,54 %;60,00 %;53,41 %
558c80ca71;bec58a3211;100,00 %;18,62 %;40,45 %;60,00 %;50,92 %
d9bc9be1ea;0b3ebfe902;100,00 %;0,00 %;39,67 %;0,00 %;41,59 %
c01a9d5020;715f69d5e4;89,09 %;69,50 %;41,95 %;100,00 %;64,96 %
a8dd1d5a56;2c8156ebd8;100,00 %;27,93 %;39,05 %;0,00 %;48,69 %
8fc0df0b52;7d901dcb0c;100,00 %;27,93 %;37,40 %;0,00 %;48,00 %
e303a95978;0ab0ee23e4;100,00 %;80,04 %;40,01 %;60,00 %;66,92 %
0cfe179c9b;b762407a6a;100,00 %;27,93 %;40,69 %;0,00 %;49,38 %
05c41b8cff;7141cfa8e1;100,00 %;61,16 %;36,78 %;30,00 %;58,55 %
f0171b2ada;0d257a2bcb;75,82 %;75,14 %;40,29 %;60,00 %;59,70 %
13025a6c92;415b90e8a2;100,00 %;27,93 %;36,82 %;30,00 %;49,81 %
db02eff5f0;3d9878b6e9;90,73 %;75,77 %;41,72 %;80,00 %;65,56 %
00a923927a;2be5ab5db5;100,00 %;72,07 %;37,77 %;80,00 %;65,25 %
6301c18ba0;39264871b6;100,00 %;18,62 %;41,32 %;0,00 %;47,19 %
bef0e7d4e2;e199546c10;80,91 %;74,43 %;40,80 %;100,00 %;63,73 %
57e0eb48c8;569b03d21e;100,00 %;27,93 %;39,58 %;0,00 %;48,91 %
612241b8cb;52e0723ef0;100,00 %;56,58 %;39,19 %;80,00 %;61,76 %
d454f55cec;d1e141786c;100,00 %;9,31 %;38,15 %;0,00 %;43,41 %
160679e07e;77ec7eab0b;100,00 %;0,00 %;42,29 %;0,00 %;42,69 %
0360bf7b22;527845a30a;100,00 %;27,93 %;41,00 %;60,00 %;53,60 %
8bd18875df;880bbb904b;100,00 %;49,62 %;40,89 %;90,00 %;61,32 %
fcaeaeefb3;b0aecc12e6;100,00 %;62,76 %;39,86 %;100,00 %;65,03 %
9950bb6e99;8b69deb93f;100,00 %;18,62 %;40,25 %;0,00 %;46,74 %
4757098dde;5d6d33283d;100,00 %;0,00 %;39,58 %;30,00 %;43,60 %
f24fe3376b;9f3c1d9100;100,00 %;0,00 %;35,98 %;60,00 %;44,14 %
583e08aac0;d93781d430;100,00 %;0,00 %;37,76 %;0,00 %;40,79 %
13478c1aee;8ff1312a07;100,00 %;18,62 %;41,42 %;30,00 %;49,28 %
9574ee5fda;d234984cc6;100,00 %;18,62 %;40,57 %;80,00 %;52,33 %
b839ae5157;910f5b6359;100,00 %;0,00 %;42,59 %;60,00 %;46,90 %
d64b060995;970782d224;100,00 %;18,62 %;41,06 %;30,00 %;49,12 %
31f71c3f4f;2fbc1bd473;100,00 %;27,93 %;41,82 %;80,00 %;55,31 %
6b31a681fb;cae36dee52;100,00 %;0,00 %;41,67 %;0,00 %;42,42 %
0f0a7d2849;a4255e8261;100,00 %;0,00 %;36,31 %;0,00 %;40,19 %
9a3ca06aac;ca723880e4;100,00 %;71,00 %;42,96 %;60,00 %;65,77 %
f0123a2f47;4ba513b48f;100,00 %;18,62 %;38,39 %;0,00 %;45,96 %
277d4f11f8;35ee1a42f9;100,00 %;18,62 %;37,40 %;0,00 %;45,55 %
4d43128369;2bfb529073;100,00 %;18,62 %;38,57 %;0,00 %;46,04 %
57da0d1458;aece40b7c4;100,00 %;27,93 %;43,57 %;;50,58 %
168ab2c338;61840522db;100,00 %;0,00 %;40,66 %;0,00 %;42,00 %
8baf47f12f;7bf1b04c36;93,82 %;61,51 %;41,32 %;80,00 %;62,40 %
fc8cbcb031;221b819aa9;100,00 %;27,93 %;36,70 %;0,00 %;47,71 %
0d5a738fba;9d78c53ec5;100,00 %;27,93 %;41,02 %;0,00 %;49,52 %
ccf0616c52;75f65d5efd;97,27 %;80,52 %;40,54 %;;62,50 %
5104924f05;f636e2bb30;97,27 %;80,47 %;40,99 %;80,00 %;68,13 %
4984333df1;51e53baf46;100,00 %;0,00 %;40,74 %;30,00 %;44,08 %
4974c1a8e8;6d0a1c5be3;100,00 %;27,93 %;38,80 %;0,00 %;48,59 %
5286a108cb;2cc905a07f;100,00 %;54,66 %;40,75 %;30,00 %;58,50 %
032752d086;8eecac9b1e;100,00 %;69,42 %;41,66 %;100,00 %;67,54 %
b3a5afa282;c44e5f67e2;100,00 %;0,00 %;39,58 %;0,00 %;41,55 %
7d156e62bc;5dfa5266d7;96,55 %;77,73 %;40,39 %;0,00 %;61,52 %
526a3be1c6;9c291cb4ed;100,00 %;18,62 %;40,95 %;60,00 %;51,12 %
fb027c296d;dbb1ffb181;100,00 %;18,62 %;37,47 %;30,00 %;47,62 %
e290aaa845;ff154aae7a;100,00 %;9,31 %;42,84 %;0,00 %;45,37 %
ad17c69261;e2b59eea00;100,00 %;79,78 %;42,80 %;60,00 %;68,02 %
16a243e50c;e16fb8605b;100,00 %;18,62 %;38,72 %;0,00 %;46,10 %
5adfc692d1;d3764cdf6e;100,00 %;27,93 %;42,72 %;0,00 %;50,23 %
edabde51c5;4ebb7d326e;100,00 %;18,62 %;42,25 %;60,00 %;51,67 %
852f366b43;540ea4a002;100,00 %;70,37 %;40,03 %;80,00 %;65,75 %
49e07ab81c;fc3f85426e;100,00 %;0,00 %;34,85 %;0,00 %;39,57 %
667210d48a;4030bbbd2f;100,00 %;27,93 %;39,71 %;0,00 %;48,97 %
2a2d4b3199;fbb60ec9ad;100,00 %;78,44 %;39,38 %;0,00 %;62,14 %
9024048d8a;c11c6e459a;97,27 %;27,93 %;41,01 %;30,00 %;50,87 %
46b10ec11a;4cc941996a;100,00 %;27,93 %;40,66 %;80,00 %;54,82 %
c57c056799;ea400a0541;100,00 %;27,93 %;36,86 %;0,00 %;47,78 %
b6eabf4a74;a0f5e36fce;100,00 %;18,62 %;39,29 %;30,00 %;48,38 %
8fa2c5e0e0;087d02c7f5;100,00 %;68,32 %;39,06 %;60,00 %;63,43 %
e894dc1643;f1e6d5090a;100,00 %;18,62 %;40,93 %;0,00 %;47,03 %
c67633e411;ef928ccaa3;100,00 %;71,00 %;39,78 %;80,00 %;65,81 %
0a53c5f1a7;a931e856b4;100,00 %;27,93 %;40,96 %;0,00 %;49,49 %
d4b2f59841;44db7aa48f;100,00 %;81,38 %;40,25 %;80,00 %;68,74 %
7b83c5831a;deef68913f;100,00 %;0,00 %;40,27 %;0,00 %;41,84 %
5a47e5a9f3;75f42ab95a;100,00 %;73,36 %;43,61 %;30,00 %;64,62 %
d008806843;ec37cebcb9;100,00 %;50,74 %;39,96 %;30,00 %;57,13 %
cfe5357898;a2cfecd041;100,00 %;0,00 %;39,58 %;0,00 %;41,55 %
31efb70305;d26f6c5665;100,00 %;27,93 %;40,73 %;0,00 %;49,40 %
f62cac2fe5;a3aedfbe75;100,00 %;75,90 %;40,01 %;100,00 %;68,56 %
7967f1aeb8;643a19c535;100,00 %;0,00 %;36,43 %;30,00 %;42,28 %
232b41f507;41903e049f;100,00 %;65,77 %;41,61 %;0,00 %;59,74 %
f9884d8ffe;f73cc23e2d;100,00 %;9,31 %;40,56 %;60,00 %;48,51 %
d39fd7fed3;656c574f28;100,00 %;18,62 %;39,58 %;0,00 %;46,46 %
cc4c2ebd9d;bff3b8874e;97,27 %;73,74 %;41,65 %;90,00 %;67,31 %
4b4ec186e6;a693b0b43d;100,00 %;71,27 %;41,04 %;100,00 %;67,77 %
3d9df1e8db;26634a65ef;100,00 %;0,00 %;42,16 %;60,00 %;46,72 %
8c2dc094ae;822dbdc6b1;100,00 %;69,66 %;41,88 %;0,00 %;60,88 %
716a8d6e4c;0dd41a723a;94,55 %;59,47 %;40,97 %;100,00 %;63,26 %
4dd24c5777;84e6aeaabe;100,00 %;27,93 %;43,17 %;60,00 %;54,51 %
83989d5b4c;e33ebd4899;100,00 %;27,93 %;41,50 %;30,00 %;51,77 %
3b6f915e84;24336a1edc;100,00 %;9,31 %;41,86 %;60,00 %;49,05 %
83006edd5c;d9804378ae;100,00 %;18,62 %;41,67 %;90,00 %;53,47 %
2b4186e3a2;17a7700f90;100,00 %;79,70 %;41,13 %;60,00 %;67,30 %
aa53ef925f;d8f6b5b8f7;100,00 %;27,93 %;41,60 %;30,00 %;51,81 %
240ae130d6;21e847b4e0;93,46 %;77,80 %;42,04 %;;61,45 %
88ae7bddb3;ce14f7c0e8;100,00 %;27,93 %;40,21 %;0,00 %;49,18 %
2a54855450;102c60a4f1;100,00 %;18,62 %;34,32 %;0,00 %;44,26 %
5919118258;52b1147d44;100,00 %;77,37 %;38,24 %;60,00 %;65,48 %
aefb7d1010;00d6ac7794;75,82 %;18,62 %;37,47 %;30,00 %;41,58 %
44fca34d57;32591f6b12;100,00 %;0,00 %;42,59 %;0,00 %;42,81 %
2b230f30c5;94b8225e56;100,00 %;78,40 %;37,92 %;80,00 %;66,98 %
8d67f54e98;ecadc9f1ac;100,00 %;71,18 %;40,53 %;60,00 %;64,80 %
d887a3c31b;9caf44ce49;100,00 %;27,93 %;36,56 %;30,00 %;49,70 %
77fbef116d;bf19b502ae;100,00 %;0,00 %;39,08 %;0,00 %;41,34 %
11769dd9fc;cd46218466;100,00 %;27,93 %;40,94 %;80,00 %;54,94 %
99c1a2d555;060c4d711a;100,00 %;18,62 %;41,55 %;0,00 %;47,29 %
e30f096b1f;8ffd37e4f9;100,00 %;27,93 %;43,49 %;30,00 %;52,60 %
7b2e1a394a;468bf0b6fb;100,00 %;18,62 %;45,01 %;0,00 %;48,73 %
d4971a1c92;9d98d0db77;100,00 %;18,62 %;42,47 %;0,00 %;47,67 %
b2ecf80c55;056acbb7b5;100,00 %;27,93 %;39,05 %;80,00 %;54,15 %
726edbddde;b53bde202b;100,00 %;27,93 %;40,49 %;60,00 %;53,39 %
53aa3a2365;341ca59e1d;100,00 %;77,44 %;42,23 %;60,00 %;67,17 %
8d5024970c;e7a676329f;100,00 %;81,38 %;40,86 %;30,00 %;65,58 %
bba651f9b5;a5860d2894;100,00 %;27,93 %;40,98 %;0,00 %;49,50 %
e43189a25e;8b14f097b6;100,00 %;65,88 %;41,77 %;;59,83 %
cec4248a94;10a333b215;100,00 %;0,00 %;45,01 %;80,00 %;49,28 %
2e8ab55a05;76cc96bfd4;100,00 %;0,00 %;40,27 %;30,00 %;43,89 %
008b5754a9;70cabbfbc4;97,27 %;18,62 %;37,68 %;30,00 %;47,03 %
20f0cfcfde;cdb3fbc562;100,00 %;0,00 %;40,85 %;60,00 %;46,18 %
ecb9facc87;3d566c9dee;100,00 %;18,62 %;42,84 %;30,00 %;49,87 %
f54241414a;fccb4b900f;100,00 %;77,68 %;42,48 %;100,00 %;70,06 %
09ef8a8afa;6c6828bcb5;100,00 %;9,31 %;36,31 %;0,00 %;42,64 %
a8fbb0f19d;2b5a8b6159;100,00 %;27,93 %;38,28 %;100,00 %;55,19 %
d21d9bdf91;46a32b0d76;100,00 %;76,97 %;39,53 %;60,00 %;65,91 %
8be1e6cd50;b975490431;100,00 %;0,00 %;39,58 %;60,00 %;45,64 %
688a258895;143f487fd9;100,00 %;27,93 %;36,56 %;0,00 %;47,65 %
e74fff3b1d;39d95dd94d;100,00 %;18,62 %;40,22 %;0,00 %;46,73 %
286ad0e300;388ea5cd91;100,00 %;81,02 %;42,74 %;90,00 %;70,37 %
3bd42ac0e6;d705bc60ee;100,00 %;80,13 %;39,32 %;0,00 %;62,57 %
6c31a8b40e;3f89d47c54;100,00 %;54,39 %;40,42 %;90,00 %;62,38 %
070625d87f;a2647b5cc9;96,18 %;67,22 %;39,05 %;0,00 %;58,10 %
7c2ead843d;e011f94755;100,00 %;27,93 %;40,08 %;80,00 %;54,58 %
718cdfa267;55b0139e56;100,00 %;37,24 %;40,35 %;60,00 %;55,78 %
d66e3d0eba;41021a1309;96,55 %;80,85 %;39,24 %;60,00 %;65,95 %
a7b1326cf6;0d98cd6c60;100,00 %;0,00 %;41,17 %;30,00 %;44,26 %
af36eacc0d;a6da22da7d;100,00 %;79,78 %;41,45 %;100,00 %;70,18 %
28fe491f1a;cea9eb7585;96,18 %;71,91 %;41,49 %;100,00 %;67,17 %
d9b2a84afa;32dd01e18b;93,46 %;70,26 %;43,75 %;;60,18 %
d4b7431373;c5f1ee731a;100,00 %;80,31 %;38,75 %;30,00 %;64,42 %
7ba43a31c2;07372782be;100,00 %;81,38 %;40,67 %;60,00 %;67,55 %
0f865f8395;cc1752cedb;100,00 %;27,93 %;37,71 %;30,00 %;50,18 %
e79a2cd492;9e614d5c16;100,00 %;18,62 %;37,76 %;80,00 %;51,16 %
b314c05d2c;5e8e9f7ada;100,00 %;0,00 %;42,50 %;0,00 %;42,77 %
10c9ed8349;7270c51e58;100,00 %;0,00 %;45,01 %;0,00 %;43,82 %
bf101d0ba7;69c0111988;100,00 %;27,93 %;37,07 %;100,00 %;54,68 %
d73d330ae0;53bd53553c;100,00 %;0,00 %;40,13 %;80,00 %;47,24 %
07a959bcf4;a141cecc59;100,00 %;80,25 %;38,38 %;100,00 %;69,02 %
6a525313c8;7b0219cc8b;100,00 %;27,93 %;42,51 %;0,00 %;50,14 %
906f82468b;1d10f9434f;100,00 %;27,93 %;40,60 %;100,00 %;56,16 %
93e1f97fbb;d4309c9eaf;100,00 %;27,93 %;39,63 %;0,00 %;48,93 %
6d38bac577;766e765a13;94,55 %;74,34 %;40,75 %;100,00 %;67,09 %
8b6601fe1c;4898b5b3d7;100,00 %;18,62 %;36,65 %;30,00 %;47,28 %
43d9c74e4f;b5be62d876;97,27 %;18,62 %;38,45 %;60,00 %;49,40 %
4bef8f35f4;adace00748;100,00 %;27,93 %;41,09 %;90,00 %;55,69 %
56c571531c;e479db5926;100,00 %;0,00 %;36,31 %;0,00 %;40,19 %
8cccb4c0b7;fae70b66f9;100,00 %;74,70 %;41,82 %;30,00 %;64,23 %
42cb0e25f1;45534ea9c7;100,00 %;81,27 %;41,55 %;30,00 %;65,85 %
fe7ee36687;f4d17a3160;100,00 %;27,93 %;42,43 %;;50,10 %
2dc4836ae9;5616fdd573;100,00 %;18,62 %;38,49 %;0,00 %;46,00 %
9eb76e0e5d;49d110ff54;80,91 %;72,07 %;40,55 %;60,00 %;60,28 %
2d778ba984;e4d6cea9df;100,00 %;0,00 %;42,51 %;30,00 %;44,82 %
7ef9920ea1;45ecd79e8e;100,00 %;80,49 %;41,83 %;100,00 %;70,53 %
2a5d422ae0;9ed6f4877a;100,00 %;0,00 %;37,76 %;30,00 %;42,84 %
0f0d2727de;68b9dba76f;100,00 %;0,00 %;40,21 %;0,00 %;41,82 %
2d753eed54;70061a8ce8;100,00 %;37,24 %;43,46 %;;52,99 %
65bc579726;1b7398a9e1;100,00 %;9,31 %;39,68 %;60,00 %;48,14 %
4f11cacf89;c88cec8016;100,00 %;27,93 %;36,02 %;90,00 %;53,57 %
1a69cece35;07ca1bed79;100,00 %;18,62 %;41,02 %;0,00 %;47,06 %
72277b0e71;afd55f56a6;100,00 %;27,93 %;39,09 %;30,00 %;50,75 %
9f3c749e1b;7d3d398612;100,00 %;78,17 %;38,17 %;30,00 %;63,62 %
f48e7921ef;7367ef2b0d;94,55 %;27,93 %;41,39 %;30,00 %;50,35 %
7f8795e033;50f233d584;100,00 %;27,93 %;42,55 %;0,00 %;50,16 %
57e0fe98bc;5c323c29c5;100,00 %;69,66 %;40,27 %;60,00 %;64,30 %
9f52ffb8df;66d3e62e9c;97,27 %;79,36 %;42,95 %;60,00 %;67,29 %
f23d638b64;f03014b352;100,00 %;0,00 %;45,01 %;0,00 %;43,82 %
bb40a4999d;62c3e39cd6;100,00 %;27,93 %;35,95 %;30,00 %;49,44 %
dc2ec2bdfb;8b292dbf52;100,00 %;18,62 %;42,66 %;0,00 %;47,75 %
376a071f15;01d302ad57;100,00 %;37,24 %;43,72 %;80,00 %;58,55 %
9a05214305;9ae7a50371;100,00 %;27,93 %;38,94 %;60,00 %;52,74 %
0d31a6e048;cc39712cf6;100,00 %;68,95 %;43,25 %;90,00 %;67,40 %
571c130b26;e232aa2ef5;100,00 %;18,62 %;42,11 %;0,00 %;47,52 %
f2ab28bac6;79be650920;100,00 %;0,00 %;39,32 %;30,00 %;43,49 %
e9b8ab8422;786913ab16;100,00 %;18,62 %;40,27 %;0,00 %;46,75 %
0117dab9a7;a454f6b23a;100,00 %;27,93 %;41,87 %;0,00 %;49,87 %
53c08e5412;7cc0573dee;100,00 %;80,04 %;39,49 %;100,00 %;69,43 %
b6382aa3e0;1a73859782;100,00 %;80,31 %;41,44 %;90,00 %;69,64 %
cc80726713;dafb6e9c88;100,00 %;0,00 %;40,76 %;0,00 %;42,04 %
481954fba1;76ffdc6755;100,00 %;27,93 %;40,81 %;60,00 %;53,52 %
e996c7a0f3;4ff5e2a7d1;100,00 %;0,00 %;41,06 %;0,00 %;42,17 %
870ce5532c;8429c56347;100,00 %;80,85 %;38,49 %;30,00 %;64,45 %
c24954baf7;9d074a9608;94,55 %;79,69 %;40,41 %;100,00 %;68,36 %
f80b0b1e56;2a7df9e704;100,00 %;81,38 %;39,74 %;100,00 %;69,89 %
05c68dcf71;7712301cf2;100,00 %;27,93 %;35,93 %;60,00 %;51,48 %
7d862f26ba;bf0ecb7f60;100,00 %;0,00 %;45,01 %;0,00 %;43,82 %
59db8dc9e1;527960147d;100,00 %;0,00 %;42,06 %;30,00 %;44,64 %
990d7f6740;579c5afcb2;100,00 %;0,00 %;41,10 %;0,00 %;42,19 %
b5573add31;e432160058;100,00 %;27,93 %;40,80 %;80,00 %;54,88 %
5ea05d9784;a99225984e;100,00 %;0,00 %;41,92 %;60,00 %;46,62 %
77a94c4bed;81e0684b3c;100,00 %;0,00 %;39,69 %;80,00 %;47,05 %
8a863c6d41;43c7541d3a;100,00 %;18,62 %;37,76 %;0,00 %;45,70 %
ea4f583df7;c39631367a;96,18 %;63,54 %;40,03 %;100,00 %;64,35 %
0525a590f0;0fbe39760a;100,00 %;18,62 %;39,45 %;100,00 %;53,23 %
c5808c166e;bdd67de61c;100,00 %;70,69 %;42,69 %;0,00 %;61,48 %
aaf8b6fba7;a868d0877b;100,00 %;18,62 %;40,93 %;30,00 %;49,07 %
14eac1c0f3;f86ca3981e;100,00 %;0,00 %;45,01 %;0,00 %;43,82 %
d767b4a6a1;48a453d4da;100,00 %;0,00 %;39,47 %;0,00 %;41,51 %
5282e70a51;12a05b85b8;100,00 %;0,00 %;42,61 %;60,00 %;46,91 %
d8a28b2993;630f8f8e0f;100,00 %;60,77 %;41,57 %;30,00 %;60,45 %
d087fa4cf6;983be717ce;100,00 %;0,00 %;39,79 %;0,00 %;41,64 %
79ee7a4946;2accecd352;100,00 %;0,00 %;39,67 %;0,00 %;41,59 %
ad06814859;47d820f084;100,00 %;0,00 %;41,22 %;0,00 %;42,24 %
b6136e1f8b;adf6eb6101;100,00 %;0,00 %;41,39 %;0,00 %;42,31 %
77efb31f85;2b216e8424;100,00 %;0,00 %;39,79 %;30,00 %;43,69 %
af313dc9f2;322d51bea7;100,00 %;0,00 %;44,20 %;60,00 %;47,58 %
9a22af2612;e456782bb3;100,00 %;0,00 %;41,13 %;0,00 %;42,20 %
0cff5ddc27;baa66ff9da;100,00 %;0,00 %;42,42 %;0,00 %;42,74 %
